,Unnamed: 0,datetime,datetimeEpoch,tempmax,tempmin,temp,feelslikemax,feelslikemin,feelslike,dew,humidity,precip,precipprob,precipcover,preciptype,snow,snowdepth,windgust,windspeed,winddir,pressure,cloudcover,visibility,solarradiation,solarenergy,uvindex,sunrise,sunriseEpoch,sunset,sunsetEpoch,moonphase,conditions,description,icon,stations,source
0,0,2015-01-01,1420070400,53.3,41.3,47.7,53.3,41.3,47.7,43.5,85.34,0.01,,4.17,,,,37.2,0.1,209.3,1027.8,0.6,6.0,,,,08:06:16,1420099576,16:01:49,1420128109,0.43,Rain,Clear conditions throughout the day with morning rain.,rain,"['03769099999', '03680099999', '03672099999', '03781099999', '03772099999', '03770099999']",obs
1,1,2015-01-02,1420156800,54.8,41.1,48.1,54.8,41.1,48.1,38.5,69.99,0.04,,4.17,,,,37.5,0.1,259.8,1028.9,0.3,17.4,,,,08:06:09,1420185969,16:02:53,1420214573,0.46,Rain,Clear conditions throughout the day with early morning rain.,rain,"['03769099999', '03680099999', '03672099999', '03781099999', '03772099999', '03770099999']",obs
2,2,2015-01-03,1420243200,43.9,36.6,41.1,43.9,36.6,41.1,37.4,86.73,0.51,,12.5,,,,28.9,0.1,170.3,1024.0,0.6,7.7,,,,08:05:59,1420272359,16:03:59,1420301039,0.49,Rain,Clear conditions throughout the day with rain in the morning and afternoon.,rain,"['03769099999', '03680099999', '03672099999', '03781099999', '03772099999', '03770099999']",obs
3,3,2015-01-04,1420329600,38.6,32.3,35.8,38.6,32.3,35.8,34.0,93.34,0.01,,8.33,,,,,0.0,211.6,1035.3,0.4,1.7,,,,08:05:46,1420358746,16:05:09,1420387509,0.5,Rain,Clear conditions throughout the day with afternoon rain.,rain,"['03769099999', '03680099999', '03672099999', '03781099999', '03772099999', '03770099999']",obs
4,4,2015-01-05,1420416000,49.7,40.2,45.8,49.7,40.2,45.8,40.4,81.42,0.0,,0.0,,,,,0.1,191.7,1029.2,0.6,9.4,,,,08:05:29,1420445129,16:06:20,1420473980,0.5,Clear,Clear conditions throughout the day.,clear-day,"['03769099999', '03680099999', '03672099999', '03781099999', '03772099999', '03770099999']",obs
5,5,2015-01-06,1420502400,51.0,37.5,45.6,51.0,37.5,45.6,39.6,79.6,0.08,,12.5,,,,31.4,0.1,227.1,1021.4,0.4,18.0,,,,08:05:09,1420531509,16:07:34,1420560454,0.51,Rain,Clear conditions throughout the day with late afternoon rain.,rain,"['03769099999', '03680099999', '03672099999', '03781099999', '03772099999', '03770099999']",obs
6,6,2015-01-07,1420588800,50.3,35.0,43.9,50.3,35.0,43.9,38.6,81.97,0.01,,8.33,,,,35.8,0.1,209.5,1023.8,0.4,14.1,,,,08:04:46,1420617886,16:08:51,1420646931,0.53,Rain,Clear conditions throughout the day with afternoon rain.,rain,"['03769099999', '03680099999', '03672099999', '03781099999', '03772099999', '03770099999']",obs
7,7,2015-01-08,1420675200,52.4,44.7,48.6,52.4,44.7,48.6,43.5,82.83,0.53,,8.33,,,,32.2,0.1,247.9,1021.0,0.4,12.1,,,,08:04:20,1420704260,16:10:09,1420733409,0.55,Rain,Clear conditions throughout the day with rain.,rain,"['03769099999', '03680099999', '03672099999', '03781099999', '03772099999', '03770099999']",obs
8,8,2015-01-09,1420761600,60.0,48.3,54.0,60.0,48.3,54.0,46.8,76.93,0.04,,4.17,,,,48.9,0.2,247.3,1018.0,0.5,16.4,,,,08:03:50,1420790630,16:11:30,1420819890,0.59,Rain,Clear conditions throughout the day with morning rain.,rain,"['03680099999', '03672099999', '03781099999', '03772099999', '03770099999']",obs
9,9,2015-01-10,1420848000,57.3,40.2,50.7,57.3,40.2,50.7,40.6,69.0,0.03,,8.33,,,,48.8,0.2,261.9,1014.8,0.4,19.3,,,,08:03:17,1420876997,16:12:53,1420906373,0.62,Rain,Clear conditions throughout the day with afternoon rain.,rain,"['03680099999', '03672099999', '03781099999', '03772099999', '03770099999']",obs
10,10,2015-01-11,1420934400,47.6,38.6,43.1,47.6,38.6,43.2,33.9,69.92,0.0,,4.17,,,,34.4,0.1,254.6,1022.1,0.2,20.5,,,,08:02:41,1420963361,16:14:18,1420992858,0.66,Clear,Clear conditions throughout the day.,clear-day,"['03680099999', '03672099999', '03781099999', '03772099999', '03770099999']",obs
11,11,2015-01-12,1421020800,53.3,46.7,50.7,53.3,46.7,50.7,44.6,79.89,0.13,,12.5,,,,38.8,0.1,229.0,1010.6,0.5,11.9,,,,08:02:02,1421049722,16:15:45,1421079345,0.71,Rain,Clear conditions throughout the day with rain.,rain,"['03680099999', '03672099999', '03781099999', '03772099999', '03770099999']",obs
12,12,2015-01-13,1421107200,53.0,39.5,46.8,53.0,39.5,46.8,40.7,79.32,0.45,,16.67,,,,43.4,0.1,237.3,1002.5,0.4,18.4,,,,08:01:20,1421136080,16:17:14,1421165834,0.76,Rain,Clear conditions throughout the day with a chance of rain throughout the day.,rain,"['03680099999', '03672099999', '03781099999', '03772099999', '03770099999']",obs
13,13,2015-01-14,1421193600,48.8,37.7,42.4,48.8,37.7,42.5,33.5,70.74,0.01,,8.33,,,,43.7,0.2,226.0,1004.2,0.3,22.0,,,,08:00:35,1421222435,16:18:45,1421252325,0.81,Rain,Clear conditions throughout the day with early morning rain.,rain,"['03680099999', '03672099999', '03781099999', '03772099999', '03770099999']",obs
14,14,2015-01-15,1421280000,51.5,42.5,47.1,51.5,42.5,47.1,38.0,71.16,0.25,,12.5,,,,45.6,0.2,228.9,990.9,0.3,14.7,,,,07:59:47,1421308787,16:20:17,1421338817,0.86,Rain,Clear conditions throughout the day with a chance of rain throughout the day.,rain,"['03680099999', '03672099999', '03781099999', '03772099999', '03770099999']",obs
15,15,2015-01-16,1421366400,43.9,34.4,41.4,43.9,34.4,41.4,32.0,69.69,0.03,,4.17,,,,34.4,0.1,256.6,1004.4,0.2,19.3,,,,07:58:56,1421395136,16:21:51,1421425311,0.9,Rain,Clear conditions throughout the day with late afternoon rain.,rain,"['03680099999', '03672099999', '03781099999', '03772099999', '03770099999']",obs
16,16,2015-01-17,1421452800,43.4,31.4,37.5,43.4,31.4,37.6,31.0,77.35,0.02,,4.17,,,,,0.1,225.1,1012.8,0.2,18.9,,,,07:58:02,1421481482,16:23:26,1421511806,0.94,Rain,Clear conditions throughout the day with afternoon rain.,rain,"['03680099999', '03672099999', '03781099999', '03772099999', '03770099999']",obs
17,17,2015-01-18,1421539200,40.4,35.3,38.5,40.4,35.3,38.5,33.2,81.46,0.03,,8.33,,,,,0.0,258.4,1012.1,0.3,9.2,,,,07:57:05,1421567825,16:25:03,1421598303,0.98,Rain,Clear conditions throughout the day with morning rain.,rain,"['03680099999', '03672099999', '03781099999', '03772099999', '03770099999']",obs
18,18,2015-01-19,1421625600,40.7,32.1,36.4,40.7,32.1,36.4,29.6,76.8,0.01,,8.33,,,,,0.0,295.5,1014.2,0.4,11.4,,,,07:56:06,1421654166,16:26:41,1421684801,1.0,Rain,Clear conditions throughout the day with morning rain.,rain,"['03680099999', '03672099999', '03781099999', '03772099999', '03770099999']",obs
19,19,2015-01-20,1421712000,40.7,27.8,35.0,40.7,27.8,35.1,29.4,80.63,0.0,,4.17,,,,,0.1,152.3,1010.2,0.3,11.5,,,,07:55:03,1421740503,16:28:20,1421771300,1.0,Clear,Clear conditions throughout the day.,clear-day,"['03680099999', '03672099999', '03781099999', '03772099999', '03770099999']",obs
20,20,2015-01-21,1421798400,39.3,37.7,38.2,39.3,37.7,38.2,32.6,80.25,0.0,,16.67,,,,21.9,0.1,115.2,1007.7,0.6,6.8,,,,07:53:58,1421826838,16:30:01,1421857801,0.01,Clear,Clear conditions throughout the day.,clear-day,"['03680099999', '03672099999', '03781099999', '03772099999', '03770099999']",obs
21,21,2015-01-22,1421884800,40.7,33.5,37.5,40.7,33.5,37.5,29.0,71.59,0.0,,4.17,,,,,0.0,66.1,1020.2,0.3,4.9,,,,07:52:51,1421913171,16:31:42,1421944302,0.03,Clear,Clear conditions throughout the day.,clear-day,"['03769099999', '03680099999', '03672099999', '03781099999', '03772099999', '03770099999']",obs
22,22,2015-01-23,1421971200,44.7,27.2,35.5,44.7,27.2,35.5,30.2,81.68,0.0,,4.17,,,,,0.1,233.0,1024.6,0.2,4.7,,,,07:51:41,1421999501,16:33:25,1422030805,0.06,Clear,Clear conditions throughout the day.,clear-day,"['03769099999', '03680099999', '03672099999', '03781099999', '03772099999', '03770099999']",obs
23,23,2015-01-24,1422057600,47.0,35.9,42.0,47.0,35.9,42.0,34.1,74.02,0.04,,8.33,,,,39.1,0.1,294.2,1025.6,0.2,17.2,,,,07:50:28,1422085828,16:35:08,1422117308,0.11,Rain,Clear conditions throughout the day with early morning rain.,rain,"['03769099999', '03680099999', '03672099999', '03781099999', '03772099999', '03770099999']",obs
24,24,2015-01-25,1422144000,47.0,32.3,40.2,47.0,32.3,40.2,34.4,80.15,0.0,,4.17,,,,,0.1,245.0,1030.1,0.4,13.4,,,,07:49:13,1422172153,16:36:53,1422203813,0.16,Clear,Clear conditions throughout the day.,clear-day,"['03769099999', '03680099999', '03672099999', '03781099999', '03772099999', '03770099999']",obs
25,25,2015-01-26,1422230400,50.6,42.0,47.4,50.6,42.0,47.4,39.8,75.46,0.01,,4.17,,,,,0.1,284.7,1024.2,0.5,18.6,,,,07:47:56,1422258476,16:38:38,1422290318,0.21,Rain,Clear conditions throughout the day with afternoon rain.,rain,"['03769099999', '03680099999', '03672099999', '03781099999', '03772099999', '03770099999']",obs
26,26,2015-01-27,1422316800,47.6,38.0,43.2,47.6,38.0,43.3,35.9,75.29,0.0,,0.0,,,,,0.1,277.3,1026.4,0.4,21.4,,,,07:46:36,1422344796,16:40:24,1422376824,0.27,Clear,Clear conditions throughout the day.,clear-day,"['03769099999', '03680099999', '03672099999', '03781099999', '03772099999', '03770099999']",obs
27,27,2015-01-28,1422403200,50.6,37.7,44.4,50.6,34.3,44.1,35.8,72.34,0.03,,8.33,,,,47.7,18.3,248.5,1006.1,1.3,20.7,,,,07:45:14,1422431114,16:42:11,1422463331,0.32,Rain,Clear conditions throughout the day with afternoon rain.,rain,"['03769099999', '03680099999', '03672099999', '03781099999', '03772099999', '03770099999']",obs
28,28,2015-01-29,1422489600,43.4,35.7,37.8,43.4,35.7,37.8,31.1,76.77,0.02,,4.17,,,,32.8,0.1,255.1,985.9,0.3,20.9,,,,07:43:50,1422517430,16:43:58,1422549838,0.37,Rain,Clear conditions throughout the day with late afternoon rain.,rain,"['03769099999', '03680099999', '03672099999', '03781099999', '03772099999', '03770099999']",obs
29,29,2015-01-30,1422576000,43.4,35.0,38.8,43.4,35.0,38.8,32.3,77.73,0.02,,12.5,,,,,0.1,279.4,979.1,0.4,16.3,,,,07:42:23,1422603743,16:45:46,1422636346,0.41,Rain,Clear conditions throughout the day with rain.,rain,"['03769099999', '03680099999', '03672099999', '03781099999', '03772099999', '03770099999']",obs
30,30,2015-01-31,1422662400,41.6,33.2,37.6,41.6,33.2,37.6,31.2,78.55,0.04,,4.17,,,,31.1,0.1,298.9,985.0,0.5,15.9,,,,07:40:55,1422690055,16:47:34,1422722854,0.45,Rain,Clear conditions throughout the day with afternoon rain.,rain,"['03769099999', '03680099999', '03672099999', '03781099999', '03772099999', '03770099999']",obs
31,31,2015-02-01,1422748800,42.5,34.4,38.8,42.5,34.4,38.8,28.6,66.97,0.15,,8.33,,,,33.2,0.1,318.8,999.5,0.5,19.4,,,,07:39:24,1422776364,16:49:22,1422809362,0.47,Rain,Clear conditions throughout the day with morning rain.,rain,"['03769099999', '03680099999', '03672099999', '03781099999', '03772099999', '03770099999']",obs
32,32,2015-02-02,1422835200,37.5,29.5,33.6,37.5,29.5,33.6,23.6,66.63,0.0,,0.0,,,,,0.1,298.7,1005.9,0.2,20.9,,,,07:37:51,1422862671,16:51:11,1422895871,0.49,Clear,Clear conditions throughout the day.,clear-day,"['03769099999', '03680099999', '03672099999', '03781099999', '03772099999', '03770099999']",obs
33,33,2015-02-03,1422921600,40.4,32.6,36.1,40.4,32.6,36.1,31.4,83.11,0.09,,8.33,,,0.39,,0.1,89.8,1008.0,0.5,9.1,,,,07:36:17,1422948977,16:53:01,1422982381,0.5,Rain,Clear conditions throughout the day with rain in the morning and afternoon.,rain,"['03769099999', '03680099999', '03672099999', '03781099999', '03772099999', '03770099999']",obs
34,34,2015-02-04,1423008000,40.7,34.8,37.7,40.7,34.8,37.8,31.4,77.99,0.0,,8.33,,,,,0.1,195.0,1019.6,0.5,11.7,,,,07:34:40,1423035280,16:54:50,1423068890,0.5,Clear,Clear conditions throughout the day.,clear-day,"['03769099999', '03680099999', '03672099999', '03781099999', '03772099999', '03770099999']",obs
35,35,2015-02-05,1423094400,41.6,35.3,37.6,41.6,35.3,37.7,30.8,76.8,0.02,,4.17,,,,28.9,0.1,124.3,1025.8,0.5,13.1,,,,07:33:02,1423121582,16:56:40,1423155400,0.52,Rain,Clear conditions throughout the day with afternoon rain.,rain,"['03769099999', '03680099999', '03672099999', '03781099999', '03772099999', '03770099999']",obs
36,36,2015-02-06,1423180800,42.2,34.1,37.6,42.2,34.1,37.6,27.5,67.03,0.0,,0.0,,,,34.2,0.1,43.2,1030.7,0.3,19.4,,,,07:31:21,1423207881,16:58:30,1423241910,0.53,Clear,Clear conditions throughout the day.,clear-day,"['03769099999', '03680099999', '03672099999', '03781099999', '03772099999', '03770099999']",obs
37,37,2015-02-07,1423267200,42.5,34.0,38.9,42.5,34.0,38.9,33.7,81.64,0.0,,4.17,,,,,0.1,39.7,1036.1,0.4,11.1,,,,07:29:39,1423294179,17:00:20,1423328420,0.55,Clear,Clear conditions throughout the day.,clear-day,"['03769099999', '03680099999', '03672099999', '03781099999', '03772099999', '03770099999']",obs
38,38,2015-02-08,1423353600,47.6,37.7,42.1,47.6,37.7,42.1,34.4,74.12,0.0,,0.0,,,,,0.1,252.4,1038.1,0.3,11.0,,,,07:27:56,1423380476,17:02:10,1423414930,0.59,Clear,Clear conditions throughout the day.,clear-day,"['03769099999', '03680099999', '03672099999', '03781099999', '03772099999', '03770099999']",obs
39,39,2015-02-09,1423440000,49.4,35.9,42.8,49.4,35.9,42.8,36.4,78.39,0.0,,4.17,,,,,0.1,281.3,1034.5,0.4,6.6,,,,07:26:10,1423466770,17:04:00,1423501440,0.63,Clear,Clear conditions throughout the day.,clear-day,"['03769099999', '03680099999', '03672099999', '03781099999', '03772099999', '03770099999']",obs
40,40,2015-02-10,1423526400,44.0,40.7,42.6,44.0,40.7,42.6,34.9,74.36,0.0,,0.0,,,,,0.1,102.4,1032.5,0.7,10.5,,,,07:24:23,1423553063,17:05:50,1423587950,0.67,Clear,Clear conditions throughout the day.,clear-day,"['03769099999', '03680099999', '03672099999', '03781099999', '03772099999', '03770099999']",obs
41,41,2015-02-11,1423612800,42.0,40.7,41.4,42.0,40.7,41.4,33.5,73.3,0.0,,0.0,,,,,0.0,112.7,1024.9,0.7,8.1,,,,07:22:35,1423639355,17:07:40,1423674460,0.72,Clear,Clear conditions throughout the day.,clear-day,"['03769099999', '03680099999', '03672099999', '03781099999', '03772099999', '03770099999']",obs
42,42,2015-02-12,1423699200,40.4,37.7,39.5,40.4,37.7,39.5,30.8,71.0,0.0,,0.0,,,,19.7,0.0,113.8,1020.2,0.6,5.6,,,,07:20:45,1423725645,17:09:30,1423760970,0.77,Clear,Clear conditions throughout the day.,clear-day,"['03769099999', '03680099999', '03672099999', '03781099999', '03772099999', '03770099999']",obs
43,43,2015-02-13,1423785600,48.8,37.5,44.2,48.8,37.5,44.2,39.6,83.89,0.08,,12.5,,,,35.2,0.1,162.3,1003.8,0.5,6.1,,,,07:18:53,1423811933,17:11:20,1423847480,0.82,Rain,Clear conditions throughout the day with late afternoon rain.,rain,"['03769099999', '03680099999', '03672099999', '03781099999', '03772099999', '03770099999']",obs
44,44,2015-02-14,1423872000,47.6,40.2,44.8,47.6,40.2,44.9,41.4,87.9,0.24,,12.5,,,,30.2,0.1,94.7,1002.2,0.5,12.7,,,,07:17:01,1423898221,17:13:10,1423933990,0.87,Rain,Clear conditions throughout the day with rain.,rain,"['03769099999', '03680099999', '03672099999', '03781099999', '03772099999', '03770099999']",obs
45,45,2015-02-15,1423958400,49.4,37.7,44.0,49.4,37.7,44.1,39.4,84.19,0.02,,4.17,,,,,0.0,72.7,1013.4,0.4,6.4,,,,07:15:06,1423984506,17:15:00,1424020500,0.92,Rain,Clear conditions throughout the day with early morning rain.,rain,"['03769099999', '03680099999', '03672099999', '03781099999', '03772099999', '03770099999']",obs
46,46,2015-02-16,1424044800,47.6,35.9,43.0,47.6,35.9,43.0,39.8,88.55,0.17,,12.5,,,,,0.1,209.6,1016.3,0.5,5.2,,,,07:13:11,1424070791,17:16:49,1424107009,0.96,Rain,Clear conditions throughout the day with rain.,rain,"['03769099999', '03680099999', '03672099999', '03781099999', '03772099999', '03770099999']",obs
47,47,2015-02-17,1424131200,49.3,38.4,42.5,49.3,38.4,42.4,32.0,67.44,0.08,,8.33,,,,,0.1,301.0,1035.4,0.1,16.7,,,,07:11:14,1424157074,17:18:39,1424193519,0.99,Rain,Clear conditions throughout the day with early morning rain.,rain,"['03769099999', '03680099999', '03672099999', '03781099999', '03772099999', '03770099999']",obs
48,48,2015-02-18,1424217600,50.6,34.9,42.4,50.6,34.9,42.4,33.9,72.32,0.0,,0.0,,,,,0.1,219.5,1037.2,0.2,15.9,,,,07:09:16,1424243356,17:20:28,1424280028,1.0,Clear,Clear conditions throughout the day.,clear-day,"['03769099999', '03680099999', '03672099999', '03781099999', '03772099999', '03770099999']",obs
49,49,2015-02-19,1424304000,47.9,41.1,44.3,47.9,41.1,44.3,39.0,81.98,0.08,,8.33,,,,32.2,0.1,205.3,1021.5,0.5,10.5,,,,07:07:17,1424329637,17:22:17,1424366537,0.0,Rain,Clear conditions throughout the day with late afternoon rain.,rain,"['03769099999', '03680099999', '03672099999', '03781099999', '03772099999', '03770099999']",obs
50,50,2015-02-20,1424390400,45.2,40.7,43.6,45.2,40.7,43.6,38.0,80.85,0.12,,12.5,,,,,0.1,287.3,1006.0,0.5,13.6,,,,07:05:17,1424415917,17:24:05,1424453045,0.02,Rain,Clear conditions throughout the day with early morning rain.,rain,"['03769099999', '03680099999', '03672099999', '03781099999', '03772099999', '03770099999']",obs
51,51,2015-02-21,1424476800,44.9,36.2,39.8,44.9,36.2,39.9,32.4,75.58,0.08,,12.5,,,,,0.1,291.6,1001.9,0.3,17.4,,,,07:03:15,1424502195,17:25:54,1424539554,0.05,Rain,Clear conditions throughout the day with afternoon rain.,rain,"['03769099999', '03680099999', '03672099999', '03781099999', '03772099999', '03770099999']",obs
52,52,2015-02-22,1424563200,48.5,29.9,39.2,48.5,29.9,39.2,34.7,84.34,0.24,,8.33,,,,38.3,0.2,209.0,1003.2,0.3,13.8,,,,07:01:13,1424588473,17:27:42,1424626062,0.09,Rain,Clear conditions throughout the day with rain.,rain,"['03769099999', '03680099999', '03672099999', '03781099999', '03772099999', '03770099999']",obs
53,53,2015-02-23,1424649600,48.8,40.2,43.6,48.8,40.2,43.6,33.9,68.9,0.03,,12.5,,,,33.2,0.1,238.9,992.1,0.4,17.3,,,,06:59:09,1424674749,17:29:30,1424712570,0.13,Rain,Clear conditions throughout the day with early morning rain.,rain,"['03769099999', '03680099999', '03672099999', '03781099999', '03772099999', '03770099999']",obs
54,54,2015-02-24,1424736000,49.7,39.3,44.1,49.7,39.3,44.1,33.4,67.06,0.03,,8.33,,,,35.8,0.1,258.0,1004.5,0.3,19.6,,,,06:57:05,1424761025,17:31:18,1424799078,0.19,Rain,Clear conditions throughout the day with early morning rain.,rain,"['03769099999', '03680099999', '03672099999', '03781099999', '03772099999', '03770099999']",obs
55,55,2015-02-25,1424822400,53.3,41.6,47.8,53.3,41.6,47.8,41.2,78.53,0.11,,8.33,,,,,0.1,237.2,1015.2,0.5,14.6,,,,06:54:59,1424847299,17:33:05,1424885585,0.24,Rain,Clear conditions throughout the day with rain in the morning and afternoon.,rain,"['03769099999', '03680099999', '03672099999', '03781099999', '03772099999', '03770099999']",obs
56,56,2015-02-26,1424908800,52.1,41.2,48.7,52.1,41.2,48.7,43.1,81.61,0.24,,12.5,,,,32.2,0.1,254.7,1012.8,0.5,11.3,,,,06:52:53,1424933573,17:34:52,1424972092,0.29,Rain,Clear conditions throughout the day with rain.,rain,"['03769099999', '03680099999', '03672099999', '03781099999', '03772099999', '03770099999']",obs
57,57,2015-02-27,1424995200,49.2,33.2,41.3,49.2,33.2,41.1,31.2,68.35,0.0,,8.33,,,,,9.2,257.4,1019.3,1.4,16.2,,,,06:50:46,1425019846,17:36:39,1425058599,0.34,Clear,Clear conditions throughout the day.,clear-day,"['03769099999', '03680099999', '03672099999', '03781099999', '03772099999', '03770099999']",obs
58,58,2015-02-28,1425081600,50.3,42.5,47.0,50.3,37.5,46.7,42.2,83.44,0.0,,8.33,,,,35.8,16.1,201.3,1008.2,4.3,9.0,,,,06:48:38,1425106118,17:38:26,1425145106,0.38,Clear,Clear conditions throughout the day.,clear-day,"['03769099999', '03680099999', '03672099999', '03781099999', '03772099999', '03770099999']",obs
0,0,2015-12-01,1448928000,58.2,49.2,54.7,58.2,46.6,54.6,47.5,77.83,0.14,,8.33,,,,33.3,6.1,252.0,1022.5,0.6,15.6,,,,07:43:20,1448955800,15:55:10,1448985310,0.67,Rain,Clear conditions throughout the day with rain clearing later.,rain,"['03769099999', '03680099999', '03672099999', '03781099999', '03772099999', '03770099999']",obs
1,1,2015-12-02,1449014400,56.0,53.7,54.7,56.0,53.7,54.7,46.3,73.37,0.0,,4.17,,,,31.1,8.4,218.5,1022.9,0.5,16.2,,,,07:44:43,1449042283,15:54:32,1449071672,0.71,Clear,Clear conditions throughout the day.,clear-day,"['03769099999', '03680099999', '03672099999', '03781099999', '03772099999', '03770099999']",obs
2,2,2015-12-03,1449100800,55.7,53.3,54.9,55.7,53.3,54.9,48.4,78.82,0.0,,0.0,,,,34.4,0.1,199.3,1019.4,0.5,11.0,,,,07:46:05,1449128765,15:53:58,1449158038,0.76,Clear,Clear conditions throughout the day.,clear-day,"['03769099999', '03680099999', '03672099999', '03781099999', '03772099999', '03770099999']",obs
3,3,2015-12-04,1449187200,56.0,43.4,50.9,56.0,43.4,50.9,43.1,74.82,0.13,,8.7,,,,34.4,0.1,240.0,1025.1,0.4,18.5,,,,07:47:25,1449215245,15:53:27,1449244407,0.81,Rain,Clear conditions throughout the day with rain clearing later.,rain,"['03769099999', '03680099999', '03672099999', '03781099999', '03772099999', '03770099999']",obs
4,4,2015-12-05,1449273600,55.7,53.0,54.2,55.7,53.0,54.2,43.7,67.51,0.0,,0.0,,,,42.3,21.6,224.1,1019.3,0.6,14.0,,,,07:48:42,1449301722,15:53:00,1449330780,0.85,Clear,Clear conditions throughout the day.,clear-day,"['03769099999', '03680099999', '03672099999', '03781099999', '03772099999', '03770099999']",obs
5,5,2015-12-06,1449360000,57.4,54.6,55.7,57.4,54.6,55.8,49.9,81.03,0.01,,8.33,,,,35.7,19.2,221.5,1016.9,0.6,9.8,,,,07:49:58,1449388198,15:52:35,1449417155,0.9,Rain,Clear conditions throughout the day with afternoon rain.,rain,"['03769099999', '03680099999', '03672099999', '03781099999', '03772099999', '03770099999']",obs
6,6,2015-12-07,1449446400,56.6,52.8,55.0,56.6,52.8,55.0,51.1,86.53,0.02,,8.33,,,,28.5,12.8,180.3,1023.9,0.4,8.7,,,,07:51:11,1449474671,15:52:14,1449503534,0.93,Rain,Clear conditions throughout the day with rain.,rain,"['03769099999', '03680099999', '03672099999', '03781099999', '03772099999', '03770099999']",obs
7,7,2015-12-08,1449532800,56.9,45.8,52.7,56.9,45.8,52.7,46.5,79.68,0.16,,8.33,,,,28.9,9.4,216.4,1022.1,0.3,12.9,,,,07:52:22,1449561142,15:51:56,1449589916,0.96,Rain,Clear conditions throughout the day with rain in the morning and afternoon.,rain,"['03769099999', '03680099999', '03672099999', '03781099999', '03772099999', '03770099999']",obs
8,8,2015-12-09,1449619200,53.3,40.7,47.4,53.3,40.7,47.3,40.8,78.24,0.0,,0.0,,,,29.3,12.8,220.8,1032.5,3.2,14.8,,,,07:53:31,1449647611,15:51:42,1449676302,0.99,Clear,Clear conditions throughout the day.,clear-day,"['03769099999', '03680099999', '03672099999', '03781099999', '03772099999', '03770099999']",obs
9,9,2015-12-10,1449705600,53.9,49.2,52.4,53.9,49.2,52.4,45.7,78.22,0.01,,16.67,,,,32.2,0.1,220.5,1024.8,0.6,11.9,,,,07:54:37,1449734077,15:51:31,1449762691,1.0,Rain,Clear conditions throughout the day with afternoon rain.,rain,"['03769099999', '03680099999', '03672099999', '03781099999', '03772099999', '03770099999']",obs
10,10,2015-12-11,1449792000,51.5,43.1,49.1,51.5,40.3,48.7,43.4,80.79,0.24,,12.5,,,,23.0,11.9,247.6,1021.8,0.5,18.4,,,,07:55:40,1449820540,15:51:23,1449849083,0.0,Rain,Clear conditions throughout the day with rain.,rain,"['03769099999', '03680099999', '03672099999', '03781099999', '03772099999', '03770099999']",obs
11,11,2015-12-12,1449878400,56.0,42.2,50.3,56.0,42.2,50.3,43.5,77.77,0.01,,12.5,,,,37.5,0.1,227.5,1018.6,0.6,15.9,,,,07:56:41,1449907001,15:51:19,1449935479,0.01,Rain,Clear conditions throughout the day with late afternoon rain.,rain,"['03769099999', '03680099999', '03672099999', '03781099999', '03772099999', '03770099999']",obs
12,12,2015-12-13,1449964800,55.7,43.8,47.1,55.7,40.9,47.0,44.8,91.81,0.07,,12.5,,,,31.1,5.3,129.4,1018.3,0.6,5.5,,,,07:57:39,1449993459,15:51:18,1450021878,0.02,Rain,Clear conditions throughout the day with rain in the morning and afternoon.,rain,"['03769099999', '03680099999', '03672099999', '03781099999', '03772099999', '03770099999']",obs
13,13,2015-12-14,1450051200,50.6,46.1,48.3,50.6,46.1,48.2,44.0,84.92,0.01,,4.17,,,,31.1,6.4,147.0,1016.3,0.6,7.7,,,,07:58:34,1450079914,15:51:20,1450108280,0.05,Rain,Clear conditions throughout the day with late afternoon rain.,rain,"['03769099999', '03680099999', '03672099999', '03781099999', '03772099999', '03770099999']",obs
14,14,2015-12-15,1450137600,55.1,48.8,52.3,55.1,48.8,52.4,50.4,93.14,0.02,,16.67,,,,,0.1,149.7,1016.4,0.6,3.2,,,,07:59:27,1450166367,15:51:26,1450194686,0.09,Rain,Clear conditions throughout the day with rain.,rain,"['03769099999', '03680099999', '03672099999', '03781099999', '03772099999', '03770099999']",obs
15,15,2015-12-16,1450224000,59.3,55.5,57.1,59.3,55.5,57.1,52.8,85.77,0.2,,12.5,,,,,0.1,223.9,1018.1,0.6,10.9,,,,08:00:16,1450252816,15:51:36,1450281096,0.13,Rain,Clear conditions throughout the day with rain clearing later.,rain,"['03769099999', '03680099999', '03672099999', '03781099999', '03772099999', '03770099999']",obs
16,16,2015-12-17,1450310400,60.5,53.9,56.7,60.5,53.9,56.7,49.3,76.82,0.01,,8.33,,,,27.7,12.3,207.5,1016.6,5.3,10.7,,,,08:01:03,1450339263,15:51:49,1450367509,0.19,Rain,Clear conditions throughout the day with late afternoon rain.,rain,"['03769099999', '03680099999', '03672099999', '03781099999', '03772099999', '03770099999']",obs
17,17,2015-12-18,1450396800,56.9,53.0,54.9,56.9,53.0,54.9,49.4,81.87,0.0,,8.33,,,,28.9,10.3,211.1,1018.3,4.3,10.6,,,,08:01:46,1450425706,15:52:05,1450453925,0.24,Clear,Clear conditions throughout the day.,clear-day,"['03769099999', '03680099999', '03672099999', '03781099999', '03772099999', '03770099999']",obs
18,18,2015-12-19,1450483200,61.1,56.0,58.7,61.1,56.0,58.7,51.7,78.03,0.0,,4.17,,,,34.4,11.0,197.2,1012.4,2.4,12.8,,,,08:02:27,1450512147,15:52:24,1450540344,0.3,Clear,Clear conditions throughout the day.,clear-day,"['03769099999', '03680099999', '03672099999', '03781099999', '03772099999', '03770099999']",obs
19,19,2015-12-20,1450569600,58.7,49.3,54.5,58.7,49.3,54.5,47.1,76.22,0.08,,8.33,,,,33.3,0.1,211.8,1010.7,0.4,13.7,,,,08:03:04,1450598584,15:52:47,1450626767,0.35,Rain,Clear conditions throughout the day with late afternoon rain.,rain,"['03769099999', '03680099999', '03672099999', '03781099999', '03772099999', '03770099999']",obs
20,20,2015-12-21,1450656000,54.8,46.1,50.3,54.8,46.1,50.3,44.6,81.06,0.09,,16.67,,,,40.5,0.2,220.0,1014.8,0.3,16.3,,,,08:03:38,1450685018,15:53:14,1450713194,0.4,Rain,Clear conditions throughout the day with rain.,rain,"['03769099999', '03680099999', '03672099999', '03781099999', '03772099999', '03770099999']",obs
21,21,2015-12-22,1450742400,59.6,51.5,56.7,59.6,51.5,56.7,51.8,83.93,0.04,,12.5,,,,43.9,0.2,219.0,1013.1,0.6,11.5,,,,08:04:09,1450771449,15:53:43,1450799623,0.45,Rain,Clear conditions throughout the day with rain in the morning and afternoon.,rain,"['03769099999', '03680099999', '03672099999', '03781099999', '03772099999', '03770099999']",obs
22,22,2015-12-23,1450828800,53.3,48.5,51.3,53.3,48.5,51.3,42.8,73.12,0.16,,12.5,,,,31.6,0.1,219.0,1018.7,0.3,14.3,,,,08:04:37,1450857877,15:54:16,1450886056,0.48,Rain,Clear conditions throughout the day with early morning rain.,rain,"['03769099999', '03680099999', '03672099999', '03781099999', '03772099999', '03770099999']",obs
23,23,2015-12-24,1450915200,55.5,44.3,50.4,55.5,40.8,50.2,42.1,73.1,0.08,,12.5,,,,41.1,15.6,218.7,1013.3,0.5,17.5,,,,08:05:01,1450944301,15:54:52,1450972492,0.49,Rain,Clear conditions throughout the day with afternoon rain.,rain,"['03769099999', '03680099999', '03672099999', '03781099999', '03772099999', '03770099999']",obs
24,24,2015-12-25,1451001600,58.4,42.5,50.8,58.4,42.5,50.8,45.8,83.22,0.01,,8.33,,,,36.3,0.1,200.5,1019.8,0.5,11.6,,,,08:05:22,1451030722,15:55:32,1451058932,0.5,Rain,Clear conditions throughout the day with afternoon rain.,rain,"['03769099999', '03680099999', '03672099999', '03781099999', '03772099999', '03770099999']",obs
25,25,2015-12-26,1451088000,59.6,56.0,58.3,59.6,56.0,58.3,50.5,75.34,0.02,,12.5,,,,37.3,15.1,222.5,1018.3,4.0,12.4,,,,08:05:40,1451117140,15:56:14,1451145374,0.51,Rain,Clear conditions throughout the day with rain.,rain,"['03769099999', '03680099999', '03672099999', '03781099999', '03772099999', '03770099999']",obs
26,26,2015-12-27,1451174400,58.4,54.8,57.3,58.4,54.8,57.3,52.2,83.1,0.0,,4.17,,,,38.0,0.1,212.9,1020.2,0.6,6.4,,,,08:05:54,1451203554,15:57:00,1451231820,0.53,Clear,Clear conditions throughout the day.,clear-day,"['03769099999', '03680099999', '03672099999', '03781099999', '03772099999', '03770099999']",obs
27,27,2015-12-28,1451260800,59.1,49.7,53.1,59.1,49.7,53.1,44.7,73.86,0.0,,0.0,,,,33.3,0.1,145.4,1017.0,0.2,13.5,,,,08:06:05,1451289965,15:57:49,1451318269,0.55,Clear,Clear conditions throughout the day.,clear-day,"['03769099999', '03680099999', '03672099999', '03781099999', '03772099999', '03770099999']",obs
28,28,2015-12-29,1451347200,54.8,49.4,52.0,54.8,49.4,52.1,45.8,79.49,0.08,,12.5,,,,28.9,12.5,191.0,1017.9,0.4,15.6,,,,08:06:13,1451376373,15:58:40,1451404720,0.59,Rain,Clear conditions throughout the day with rain in the morning and afternoon.,rain,"['03769099999', '03680099999', '03672099999', '03781099999', '03772099999', '03770099999']",obs
29,29,2015-12-30,1451433600,56.4,50.3,54.1,56.4,50.3,54.1,44.6,71.26,0.0,,8.33,,,,41.5,0.2,185.5,1011.0,0.6,13.8,,,,08:06:18,1451462778,15:59:35,1451491175,0.63,Clear,Clear conditions throughout the day.,clear-day,"['03769099999', '03680099999', '03672099999', '03781099999', '03772099999', '03770099999']",obs
30,30,2015-12-31,1451520000,51.9,43.4,48.3,51.9,43.4,48.3,39.9,73.16,0.39,,12.5,,,,38.4,12.3,223.1,1012.1,0.2,16.9,,,,08:06:18,1451549178,16:00:33,1451577633,0.67,Rain,Clear conditions throughout the day with rain.,rain,"['03769099999', '03680099999', '03672099999', '03781099999', '03772099999', '03770099999']",obs
